<?xml version="1.0" encoding="UTF-8"?>
<project xmlns="http://www.netbeans.org/ns/project/1">
    <type>org.netbeans.modules.java.j2seproject</type>
    <configuration>
        <data xmlns="http://www.netbeans.org/ns/j2se-project/1">
            <name>The Jungle - Sample Creatures</name>
            <minimum-ant-version>1.6</minimum-ant-version>
        </data>
        <references xmlns="http://www.netbeans.org/ns/ant-project-references/1">
            <reference>
                <foreign-project>The_Jungle</foreign-project>
                <artifact-type>jar</artifact-type>
                <script>build.xml</script>
                <target>jar</target>
                <clean-target>clean</clean-target>
                <id>jar</id>
            </reference>
        </references>
    </configuration>
</project>
